^sep()
Sair,^checkout(exit),system-shutdown
Sair,^tag(exit)
#Bloquear,dm-tool lock,lock
Bloquear,xfce4-screensaver-command -l,lock
Encerrar sessão,openbox --exit,system-log-out
Reiniciar,dbus-send --system --print-reply --dest=org.freedesktop.login1 /org/freedesktop/login1 "org.freedesktop.login1.Manager.Reboot" boolean:true,system-reboot
Desligar,dbus-send --system --print-reply --dest=org.freedesktop.login1 /org/freedesktop/login1 "org.freedesktop.login1.Manager.PowerOff" boolean:true,system-shutdown-panel-restart
