^sep()
# the root-menu
Openbox,^checkout(1),openbox
Sair,^checkout(2),system-shutdown

# the first sub-menu
^tag(1)
Editar autostart,geany ~/.config/openbox/autostart,gedit
Editar rc.xml,geany ~/.config/openbox/.rc.xml,gedit
Iniciar compositor,picom -b --config $HOME/.config/picom.conf,start
Encerrar compositor,killall picom,stop

# the second sub-menu
^tag(2)
Bloquear,xfce4-screensaver-command -l,lock
Encerrar sessão,openbox --exit,system-log-out
Reiniciar,dbus-send --system --print-reply --dest=org.freedesktop.login1 /org/freedesktop/login1 "org.freedesktop.login1.Manager.Reboot" boolean:true,system-reboot
Desligar,dbus-send --system --print-reply --dest=org.freedesktop.login1 /org/freedesktop/login1 "org.freedesktop.login1.Manager.PowerOff" boolean:true,system-shutdown-panel-restart
