^sep()
# the root-menu
Captura de tela,^checkout(1),gnome-screenshot
Sair,^checkout(2),system-shutdown

# the first sub-menu
^tag(1)
Tela cheia,xfce4-screenshooter -c -f -m -d 3 -s ~/.cache,gnome-screenshot
Janela ativa,xfce4-screenshooter -c -w -m -d 3 -s ~/.cache,gnome-screenshot
Seleção,xfce4-screenshooter -r -c -s ~/.cache,gnome-screenshot,gnome-screenshot

# the second sub-menu
^tag(2)
Bloquear,xfce4-screensaver-command -l,lock
Encerrar sessão,openbox --exit,system-log-out
Reiniciar,dbus-send --system --print-reply --dest=org.freedesktop.login1 /org/freedesktop/login1 "org.freedesktop.login1.Manager.Reboot" boolean:true,system-reboot
Desligar,dbus-send --system --print-reply --dest=org.freedesktop.login1 /org/freedesktop/login1 "org.freedesktop.login1.Manager.PowerOff" boolean:true,system-shutdown-panel-restart
