<?xml version="1.0"?>
<ext:extension-backend-db xmlns:ext="http://openoffice.org/extensionmanager/extension-registry/2010"><ext:extension url="vnd.sun.star.expand:$BUNDLED_EXTENSIONS/dict-ar"><ext:extension-items><ext:item><ext:url>vnd.sun.star.expand:$BUNDLED_EXTENSIONS/dict-ar/dictionaries.xcu</ext:url><ext:media-type>application/vnd.sun.star.configuration-data</ext:media-type></ext:item></ext:extension-items></ext:extension><ext:extension url="vnd.sun.star.expand:$BUNDLED_EXTENSIONS/dict-de"><ext:extension-items><ext:item><ext:url>vnd.sun.star.expand:$BUNDLED_EXTENSIONS/dict-de/dictionaries.xcu</ext:url><ext:media-type>application/vnd.sun.star.configuration-data</ext:media-type></ext:item></ext:extension-items></ext:extension><ext:extension url="vnd.sun.star.expand:$BUNDLED_EXTENSIONS/dict-es"><ext:extension-items><ext:item><ext:url>vnd.sun.star.expand:$BUNDLED_EXTENSIONS/dict-es/dictionaries.xcu</ext:url><ext:media-type>application/vnd.sun.star.configuration-data</ext:media-type></ext:item></ext:extension-items></ext:extension><ext:extension url="vnd.sun.star.expand:$BUNDLED_EXTENSIONS/dict-fr"><ext:extension-items><ext:item><ext:url>vnd.sun.star.expand:$BUNDLED_EXTENSIONS/dict-fr/dictionaries.xcu</ext:url><ext:media-type>application/vnd.sun.star.configuration-data</ext:media-type></ext:item></ext:extension-items></ext:extension><ext:extension url="vnd.sun.star.expand:$BUNDLED_EXTENSIONS/dict-it"><ext:extension-items><ext:item><ext:url>vnd.sun.star.expand:$BUNDLED_EXTENSIONS/dict-it/dictionaries.xcu</ext:url><ext:media-type>application/vnd.sun.star.configuration-data</ext:media-type></ext:item></ext:extension-items></ext:extension><ext:extension url="vnd.sun.star.expand:$BUNDLED_EXTENSIONS/dict-pt-PT"><ext:extension-items><ext:item><ext:url>vnd.sun.star.expand:$BUNDLED_EXTENSIONS/dict-pt-PT/dictionaries.xcu</ext:url><ext:media-type>application/vnd.sun.star.configuration-data</ext:media-type></ext:item></ext:extension-items></ext:extension><ext:extension url="vnd.sun.star.expand:$BUNDLED_EXTENSIONS/dict-ru"><ext:extension-items><ext:item><ext:url>vnd.sun.star.expand:$BUNDLED_EXTENSIONS/dict-ru/Lightproof.components</ext:url><ext:media-type>application/vnd.sun.star.uno-components</ext:media-type></ext:item><ext:item><ext:url>vnd.sun.star.expand:$BUNDLED_EXTENSIONS/dict-ru/dialog/OptionsDialog.xcs</ext:url><ext:media-type>application/vnd.sun.star.configuration-schema</ext:media-type></ext:item><ext:item><ext:url>vnd.sun.star.expand:$BUNDLED_EXTENSIONS/dict-ru/dictionaries.xcu</ext:url><ext:media-type>application/vnd.sun.star.configuration-data</ext:media-type></ext:item><ext:item><ext:url>vnd.sun.star.expand:$BUNDLED_EXTENSIONS/dict-ru/dialog/OptionsDialog.xcu</ext:url><ext:media-type>application/vnd.sun.star.configuration-data</ext:media-type></ext:item><ext:item><ext:url>vnd.sun.star.expand:$BUNDLED_EXTENSIONS/dict-ru/Linguistic.xcu</ext:url><ext:media-type>application/vnd.sun.star.configuration-data</ext:media-type></ext:item></ext:extension-items></ext:extension><ext:extension url="vnd.sun.star.expand:$BUNDLED_EXTENSIONS/dict-en"><ext:extension-items><ext:item><ext:url>vnd.sun.star.expand:$BUNDLED_EXTENSIONS/dict-en/Lightproof.components</ext:url><ext:media-type>application/vnd.sun.star.uno-components</ext:media-type></ext:item><ext:item><ext:url>vnd.sun.star.expand:$BUNDLED_EXTENSIONS/dict-en/dialog/OptionsDialog.xcs</ext:url><ext:media-type>application/vnd.sun.star.configuration-schema</ext:media-type></ext:item><ext:item><ext:url>vnd.sun.star.expand:$BUNDLED_EXTENSIONS/dict-en/dictionaries.xcu</ext:url><ext:media-type>application/vnd.sun.star.configuration-data</ext:media-type></ext:item><ext:item><ext:url>vnd.sun.star.expand:$BUNDLED_EXTENSIONS/dict-en/dialog/OptionsDialog.xcu</ext:url><ext:media-type>application/vnd.sun.star.configuration-data</ext:media-type></ext:item><ext:item><ext:url>vnd.sun.star.expand:$BUNDLED_EXTENSIONS/dict-en/Linguistic.xcu</ext:url><ext:media-type>application/vnd.sun.star.configuration-data</ext:media-type></ext:item></ext:extension-items></ext:extension><ext:extension url="vnd.sun.star.expand:$BUNDLED_EXTENSIONS/dict-pt-BR"><ext:extension-items><ext:item><ext:url>vnd.sun.star.expand:$BUNDLED_EXTENSIONS/dict-pt-BR/Lightproof.components</ext:url><ext:media-type>application/vnd.sun.star.uno-components</ext:media-type></ext:item><ext:item><ext:url>vnd.sun.star.expand:$BUNDLED_EXTENSIONS/dict-pt-BR/dialog/OptionsDialog.xcs</ext:url><ext:media-type>application/vnd.sun.star.configuration-schema</ext:media-type></ext:item><ext:item><ext:url>vnd.sun.star.expand:$BUNDLED_EXTENSIONS/dict-pt-BR/dictionaries.xcu</ext:url><ext:media-type>application/vnd.sun.star.configuration-data</ext:media-type></ext:item><ext:item><ext:url>vnd.sun.star.expand:$BUNDLED_EXTENSIONS/dict-pt-BR/dialog/OptionsDialog.xcu</ext:url><ext:media-type>application/vnd.sun.star.configuration-data</ext:media-type></ext:item><ext:item><ext:url>vnd.sun.star.expand:$BUNDLED_EXTENSIONS/dict-pt-BR/Linguistic.xcu</ext:url><ext:media-type>application/vnd.sun.star.configuration-data</ext:media-type></ext:item></ext:extension-items></ext:extension><ext:extension url="vnd.sun.star.expand:$BUNDLED_EXTENSIONS/wiki-publisher"><ext:extension-items><ext:item><ext:url>vnd.sun.star.expand:$BUNDLED_EXTENSIONS/wiki-publisher/help</ext:url><ext:media-type>application/vnd.sun.star.help</ext:media-type></ext:item><ext:item><ext:url>vnd.sun.star.expand:$BUNDLED_EXTENSIONS/wiki-publisher/WikiExtension.xcs</ext:url><ext:media-type>application/vnd.sun.star.configuration-schema</ext:media-type></ext:item><ext:item><ext:url>vnd.sun.star.expand:$BUNDLED_EXTENSIONS/wiki-publisher/WikiEditor/</ext:url><ext:media-type>application/vnd.sun.star.basic-library</ext:media-type></ext:item><ext:item><ext:url>vnd.sun.star.expand:$BUNDLED_EXTENSIONS/wiki-publisher/components.rdb</ext:url><ext:media-type>application/vnd.sun.star.uno-components</ext:media-type></ext:item><ext:item><ext:url>vnd.sun.star.expand:$BUNDLED_EXTENSIONS/wiki-publisher/Addons.xcu</ext:url><ext:media-type>application/vnd.sun.star.configuration-data</ext:media-type></ext:item><ext:item><ext:url>vnd.sun.star.expand:$BUNDLED_EXTENSIONS/wiki-publisher/ProtocolHandler.xcu</ext:url><ext:media-type>application/vnd.sun.star.configuration-data</ext:media-type></ext:item><ext:item><ext:url>vnd.sun.star.expand:$BUNDLED_EXTENSIONS/wiki-publisher/WikiExtension.xcu</ext:url><ext:media-type>application/vnd.sun.star.configuration-data</ext:media-type></ext:item><ext:item><ext:url>vnd.sun.star.expand:$BUNDLED_EXTENSIONS/wiki-publisher/OptionsDialog.xcu</ext:url><ext:media-type>application/vnd.sun.star.configuration-data</ext:media-type></ext:item><ext:item><ext:url>vnd.sun.star.expand:$BUNDLED_EXTENSIONS/wiki-publisher/Filter.xcu</ext:url><ext:media-type>application/vnd.sun.star.configuration-data</ext:media-type></ext:item><ext:item><ext:url>vnd.sun.star.expand:$BUNDLED_EXTENSIONS/wiki-publisher/Types.xcu</ext:url><ext:media-type>application/vnd.sun.star.configuration-data</ext:media-type></ext:item><ext:item><ext:url>vnd.sun.star.expand:$BUNDLED_EXTENSIONS/wiki-publisher/Paths.xcu</ext:url><ext:media-type>application/vnd.sun.star.configuration-data</ext:media-type></ext:item></ext:extension-items></ext:extension><ext:extension url="vnd.sun.star.expand:$BUNDLED_EXTENSIONS/nlpsolver"><ext:extension-items><ext:item><ext:url>vnd.sun.star.expand:$BUNDLED_EXTENSIONS/nlpsolver/help</ext:url><ext:media-type>application/vnd.sun.star.help</ext:media-type></ext:item><ext:item><ext:url>vnd.sun.star.expand:$BUNDLED_EXTENSIONS/nlpsolver/components.rdb</ext:url><ext:media-type>application/vnd.sun.star.uno-components</ext:media-type></ext:item></ext:extension-items></ext:extension></ext:extension-backend-db>
