<?xml version="1.0"?>
<conf:configuration-backend-db xmlns:conf="http://openoffice.org/extensionmanager/configuration-registry/2010"><conf:configuration url="vnd.sun.star.expand:$BUNDLED_EXTENSIONS/dict-ar/dictionaries.xcu"><conf:data-url>vnd.sun.star.expand:$BUNDLED_EXTENSIONS_USER/registry/com.sun.star.comp.deployment.configuration.PackageRegistryBackend/lu66132bp1th.tmp</conf:data-url><conf:ini-entry>$BUNDLED_EXTENSIONS_USER/registry/com.sun.star.comp.deployment.configuration.PackageRegistryBackend/lu66132bp1th.tmp/dictionaries.xcu</conf:ini-entry></conf:configuration><conf:configuration url="vnd.sun.star.expand:$BUNDLED_EXTENSIONS/dict-de/dictionaries.xcu"><conf:data-url>vnd.sun.star.expand:$BUNDLED_EXTENSIONS_USER/registry/com.sun.star.comp.deployment.configuration.PackageRegistryBackend/lu66132bp1ti.tmp</conf:data-url><conf:ini-entry>$BUNDLED_EXTENSIONS_USER/registry/com.sun.star.comp.deployment.configuration.PackageRegistryBackend/lu66132bp1ti.tmp/dictionaries.xcu</conf:ini-entry></conf:configuration><conf:configuration url="vnd.sun.star.expand:$BUNDLED_EXTENSIONS/dict-es/dictionaries.xcu"><conf:data-url>vnd.sun.star.expand:$BUNDLED_EXTENSIONS_USER/registry/com.sun.star.comp.deployment.configuration.PackageRegistryBackend/lu66132bp1tj.tmp</conf:data-url><conf:ini-entry>$BUNDLED_EXTENSIONS_USER/registry/com.sun.star.comp.deployment.configuration.PackageRegistryBackend/lu66132bp1tj.tmp/dictionaries.xcu</conf:ini-entry></conf:configuration><conf:configuration url="vnd.sun.star.expand:$BUNDLED_EXTENSIONS/dict-fr/dictionaries.xcu"><conf:data-url>vnd.sun.star.expand:$BUNDLED_EXTENSIONS_USER/registry/com.sun.star.comp.deployment.configuration.PackageRegistryBackend/lu66132bp1tk.tmp</conf:data-url><conf:ini-entry>$BUNDLED_EXTENSIONS_USER/registry/com.sun.star.comp.deployment.configuration.PackageRegistryBackend/lu66132bp1tk.tmp/dictionaries.xcu</conf:ini-entry></conf:configuration><conf:configuration url="vnd.sun.star.expand:$BUNDLED_EXTENSIONS/dict-it/dictionaries.xcu"><conf:data-url>vnd.sun.star.expand:$BUNDLED_EXTENSIONS_USER/registry/com.sun.star.comp.deployment.configuration.PackageRegistryBackend/lu66132bp1tl.tmp</conf:data-url><conf:ini-entry>$BUNDLED_EXTENSIONS_USER/registry/com.sun.star.comp.deployment.configuration.PackageRegistryBackend/lu66132bp1tl.tmp/dictionaries.xcu</conf:ini-entry></conf:configuration><conf:configuration url="vnd.sun.star.expand:$BUNDLED_EXTENSIONS/dict-pt-PT/dictionaries.xcu"><conf:data-url>vnd.sun.star.expand:$BUNDLED_EXTENSIONS_USER/registry/com.sun.star.comp.deployment.configuration.PackageRegistryBackend/lu66132bp1tm.tmp</conf:data-url><conf:ini-entry>$BUNDLED_EXTENSIONS_USER/registry/com.sun.star.comp.deployment.configuration.PackageRegistryBackend/lu66132bp1tm.tmp/dictionaries.xcu</conf:ini-entry></conf:configuration><conf:configuration url="vnd.sun.star.expand:$BUNDLED_EXTENSIONS/dict-ru/dialog/OptionsDialog.xcs"><conf:ini-entry>$BUNDLED_EXTENSIONS/dict-ru/dialog/OptionsDialog.xcs</conf:ini-entry></conf:configuration><conf:configuration url="vnd.sun.star.expand:$BUNDLED_EXTENSIONS/dict-ru/dictionaries.xcu"><conf:data-url>vnd.sun.star.expand:$BUNDLED_EXTENSIONS_USER/registry/com.sun.star.comp.deployment.configuration.PackageRegistryBackend/lu66132bp1tn.tmp</conf:data-url><conf:ini-entry>$BUNDLED_EXTENSIONS_USER/registry/com.sun.star.comp.deployment.configuration.PackageRegistryBackend/lu66132bp1tn.tmp/dictionaries.xcu</conf:ini-entry></conf:configuration><conf:configuration url="vnd.sun.star.expand:$BUNDLED_EXTENSIONS/dict-ru/dialog/OptionsDialog.xcu"><conf:data-url>vnd.sun.star.expand:$BUNDLED_EXTENSIONS_USER/registry/com.sun.star.comp.deployment.configuration.PackageRegistryBackend/lu66132bp1to.tmp</conf:data-url><conf:ini-entry>$BUNDLED_EXTENSIONS_USER/registry/com.sun.star.comp.deployment.configuration.PackageRegistryBackend/lu66132bp1to.tmp/OptionsDialog.xcu</conf:ini-entry></conf:configuration><conf:configuration url="vnd.sun.star.expand:$BUNDLED_EXTENSIONS/dict-ru/Linguistic.xcu"><conf:ini-entry>$BUNDLED_EXTENSIONS/dict-ru/Linguistic.xcu</conf:ini-entry></conf:configuration><conf:configuration url="vnd.sun.star.expand:$BUNDLED_EXTENSIONS/dict-en/dialog/OptionsDialog.xcs"><conf:ini-entry>$BUNDLED_EXTENSIONS/dict-en/dialog/OptionsDialog.xcs</conf:ini-entry></conf:configuration><conf:configuration url="vnd.sun.star.expand:$BUNDLED_EXTENSIONS/dict-en/dictionaries.xcu"><conf:data-url>vnd.sun.star.expand:$BUNDLED_EXTENSIONS_USER/registry/com.sun.star.comp.deployment.configuration.PackageRegistryBackend/lu66132bp1tq.tmp</conf:data-url><conf:ini-entry>$BUNDLED_EXTENSIONS_USER/registry/com.sun.star.comp.deployment.configuration.PackageRegistryBackend/lu66132bp1tq.tmp/dictionaries.xcu</conf:ini-entry></conf:configuration><conf:configuration url="vnd.sun.star.expand:$BUNDLED_EXTENSIONS/dict-en/dialog/OptionsDialog.xcu"><conf:data-url>vnd.sun.star.expand:$BUNDLED_EXTENSIONS_USER/registry/com.sun.star.comp.deployment.configuration.PackageRegistryBackend/lu66132bp1tr.tmp</conf:data-url><conf:ini-entry>$BUNDLED_EXTENSIONS_USER/registry/com.sun.star.comp.deployment.configuration.PackageRegistryBackend/lu66132bp1tr.tmp/OptionsDialog.xcu</conf:ini-entry></conf:configuration><conf:configuration url="vnd.sun.star.expand:$BUNDLED_EXTENSIONS/dict-en/Linguistic.xcu"><conf:ini-entry>$BUNDLED_EXTENSIONS/dict-en/Linguistic.xcu</conf:ini-entry></conf:configuration><conf:configuration url="vnd.sun.star.expand:$BUNDLED_EXTENSIONS/dict-pt-BR/dialog/OptionsDialog.xcs"><conf:ini-entry>$BUNDLED_EXTENSIONS/dict-pt-BR/dialog/OptionsDialog.xcs</conf:ini-entry></conf:configuration><conf:configuration url="vnd.sun.star.expand:$BUNDLED_EXTENSIONS/dict-pt-BR/dictionaries.xcu"><conf:data-url>vnd.sun.star.expand:$BUNDLED_EXTENSIONS_USER/registry/com.sun.star.comp.deployment.configuration.PackageRegistryBackend/lu66132bp1tt.tmp</conf:data-url><conf:ini-entry>$BUNDLED_EXTENSIONS_USER/registry/com.sun.star.comp.deployment.configuration.PackageRegistryBackend/lu66132bp1tt.tmp/dictionaries.xcu</conf:ini-entry></conf:configuration><conf:configuration url="vnd.sun.star.expand:$BUNDLED_EXTENSIONS/dict-pt-BR/dialog/OptionsDialog.xcu"><conf:data-url>vnd.sun.star.expand:$BUNDLED_EXTENSIONS_USER/registry/com.sun.star.comp.deployment.configuration.PackageRegistryBackend/lu66132bp1tu.tmp</conf:data-url><conf:ini-entry>$BUNDLED_EXTENSIONS_USER/registry/com.sun.star.comp.deployment.configuration.PackageRegistryBackend/lu66132bp1tu.tmp/OptionsDialog.xcu</conf:ini-entry></conf:configuration><conf:configuration url="vnd.sun.star.expand:$BUNDLED_EXTENSIONS/dict-pt-BR/Linguistic.xcu"><conf:ini-entry>$BUNDLED_EXTENSIONS/dict-pt-BR/Linguistic.xcu</conf:ini-entry></conf:configuration><conf:configuration url="vnd.sun.star.expand:$BUNDLED_EXTENSIONS/wiki-publisher/WikiExtension.xcs"><conf:ini-entry>$BUNDLED_EXTENSIONS/wiki-publisher/WikiExtension.xcs</conf:ini-entry></conf:configuration><conf:configuration url="vnd.sun.star.expand:$BUNDLED_EXTENSIONS/wiki-publisher/Addons.xcu"><conf:ini-entry>$BUNDLED_EXTENSIONS/wiki-publisher/Addons.xcu</conf:ini-entry></conf:configuration><conf:configuration url="vnd.sun.star.expand:$BUNDLED_EXTENSIONS/wiki-publisher/ProtocolHandler.xcu"><conf:ini-entry>$BUNDLED_EXTENSIONS/wiki-publisher/ProtocolHandler.xcu</conf:ini-entry></conf:configuration><conf:configuration url="vnd.sun.star.expand:$BUNDLED_EXTENSIONS/wiki-publisher/WikiExtension.xcu"><conf:ini-entry>$BUNDLED_EXTENSIONS/wiki-publisher/WikiExtension.xcu</conf:ini-entry></conf:configuration><conf:configuration url="vnd.sun.star.expand:$BUNDLED_EXTENSIONS/wiki-publisher/OptionsDialog.xcu"><conf:data-url>vnd.sun.star.expand:$BUNDLED_EXTENSIONS_USER/registry/com.sun.star.comp.deployment.configuration.PackageRegistryBackend/lu66132bp1tz.tmp</conf:data-url><conf:ini-entry>$BUNDLED_EXTENSIONS_USER/registry/com.sun.star.comp.deployment.configuration.PackageRegistryBackend/lu66132bp1tz.tmp/OptionsDialog.xcu</conf:ini-entry></conf:configuration><conf:configuration url="vnd.sun.star.expand:$BUNDLED_EXTENSIONS/wiki-publisher/Filter.xcu"><conf:data-url>vnd.sun.star.expand:$BUNDLED_EXTENSIONS_USER/registry/com.sun.star.comp.deployment.configuration.PackageRegistryBackend/lu66132bp1u0.tmp</conf:data-url><conf:ini-entry>$BUNDLED_EXTENSIONS_USER/registry/com.sun.star.comp.deployment.configuration.PackageRegistryBackend/lu66132bp1u0.tmp/Filter.xcu</conf:ini-entry></conf:configuration><conf:configuration url="vnd.sun.star.expand:$BUNDLED_EXTENSIONS/wiki-publisher/Types.xcu"><conf:ini-entry>$BUNDLED_EXTENSIONS/wiki-publisher/Types.xcu</conf:ini-entry></conf:configuration><conf:configuration url="vnd.sun.star.expand:$BUNDLED_EXTENSIONS/wiki-publisher/Paths.xcu"><conf:data-url>vnd.sun.star.expand:$BUNDLED_EXTENSIONS_USER/registry/com.sun.star.comp.deployment.configuration.PackageRegistryBackend/lu66132bp1u2.tmp</conf:data-url><conf:ini-entry>$BUNDLED_EXTENSIONS_USER/registry/com.sun.star.comp.deployment.configuration.PackageRegistryBackend/lu66132bp1u2.tmp/Paths.xcu</conf:ini-entry></conf:configuration></conf:configuration-backend-db>
