<?xml version="1.0"?>
<gconf>
	<entry name="Autohide" mtime="1528093914" type="string">
		<stringvalue>UniversalIntellihide</stringvalue>
	</entry>
	<entry name="IconSize" mtime="1527824784" type="int" value="65"/>
	<entry name="PanelMode" mtime="1527824764" type="bool" value="false"/>
	<entry name="Plugins" mtime="1527824798" type="list" ltype="string">
	</entry>
	<entry name="Position" mtime="1528093914" type="string">
		<stringvalue>Bottom</stringvalue>
	</entry>
	<entry name="SortList" mtime="1528093914" type="list" ltype="string">
		<li type="string">
			<stringvalue>/usr/share/applications/show-desktop.desktop</stringvalue>
		</li>
		<li type="string">
			<stringvalue>/usr/share/applications/nemo.desktop</stringvalue>
		</li>
		<li type="string">
			<stringvalue>/usr/share/applications/xfce4-terminal.desktop</stringvalue>
		</li>
		<li type="string">
			<stringvalue>/usr/share/applications/org.gnome.Screenshot.desktop</stringvalue>
		</li>
		<li type="string">
			<stringvalue>/usr/share/applications/gimp.desktop</stringvalue>
		</li>
		<li type="string">
			<stringvalue>/usr/share/applications/geany.desktop</stringvalue>
		</li>
		<li type="string">
			<stringvalue>/usr/share/applications/org.gnome.DiskUtility.desktop</stringvalue>
		</li>
		<li type="string">
			<stringvalue>/usr/share/applications/smplayer.desktop</stringvalue>
		</li>
		<li type="string">
			<stringvalue>/usr/share/applications/xfce-settings-manager.desktop</stringvalue>
		</li>
	</entry>
	<entry name="Launchers" mtime="1528094372" type="list" ltype="string">
		<li type="string">
			<stringvalue>file:///usr/share/applications/nemo.desktop</stringvalue>
		</li>
		<li type="string">
			<stringvalue>file:///usr/share/applications/org.gnome.DiskUtility.desktop</stringvalue>
		</li>
		<li type="string">
			<stringvalue>file:///usr/share/applications/geany.desktop</stringvalue>
		</li>
		<li type="string">
			<stringvalue>file:///usr/share/applications/smplayer.desktop</stringvalue>
		</li>
		<li type="string">
			<stringvalue>file:///usr/share/applications/org.gnome.Screenshot.desktop</stringvalue>
		</li>
		<li type="string">
			<stringvalue>file:///usr/share/applications/gimp.desktop</stringvalue>
		</li>
		<li type="string">
			<stringvalue>file:///usr/share/applications/xfce-settings-manager.desktop</stringvalue>
		</li>
		<li type="string">
			<stringvalue>file:///usr/share/applications/xfce4-terminal.desktop</stringvalue>
		</li>
		<li type="string">
			<stringvalue>file:///usr/share/applications/show-desktop.desktop</stringvalue>
		</li>
		<li type="string">
			<stringvalue>file:///usr/share/applications/google-chrome.desktop</stringvalue>
		</li>
	</entry>
	<entry name="WindowManager" mtime="1526180403" type="bool" value="true"/>
</gconf>
