<?xml version="1.0" encoding="UTF-8"?>
<actions>
	<action>
		<name>Bugz</name>
		<regex>bug\s*#?\s*([0-9]+)</regex>
		<group>0</group>
		<commands>
			<command>
				<name>Bug GNOME</name>
				<exec>exo-open http://bugzilla.gnome.org/show_bug.cgi?id=\1</exec>
			</command>
			<command>
				<name>Bug Xfce</name>
				<exec>exo-open http://bugzilla.xfce.org/show_bug.cgi?id=\1</exec>
			</command>
		</commands>
	</action>
	<action>
		<name>Imagem</name>
		<regex>(http|ftp).+\.(jpg|png|gif)</regex>
		<group>0</group>
		<commands>
			<command>
				<name>Editar com Gimp</name>
				<exec>gimp-remote &quot;\0&quot;</exec>
			</command>
			<command>
				<name>Visualizar com Ristretto</name>
				<exec>ristretto &quot;\0&quot;</exec>
			</command>
		</commands>
	</action>
	<action>
		<name>URL Longo</name>
		<regex>http://[^\s]{120,}</regex>
		<group>0</group>
		<commands>
			<command>
				<name>Encolha o URL</name>
				<exec>exo-open http://tinyurl.com/create.php?url=\0</exec>
			</command>
		</commands>
	</action>
</actions>