<?xml version="1.0"?>
<!DOCTYPE wallpapers SYSTEM "mate-wp-list.dtd">
<wallpapers>
  <wallpaper deleted="false">
    <name>wallhaven-311128.jpg</name>
    <filename>/opt/Wallpapers/wallhaven-311128.jpg</filename>
    <options>stretched</options>
    <shade_type>vertical-gradient</shade_type>
    <pcolor>rgb(88,145,188)</pcolor>
    <scolor>rgb(60,143,37)</scolor>
    <artist>(none)</artist>
  </wallpaper>
  <wallpaper deleted="false">
    <name>pexels-photo-724712-1920x1280.jpeg</name>
    <filename>/opt/Wallpapers/pexels-photo-724712-1920x1280.jpeg</filename>
    <options>stretched</options>
    <shade_type>vertical-gradient</shade_type>
    <pcolor>rgb(88,145,188)</pcolor>
    <scolor>rgb(60,143,37)</scolor>
    <artist>(none)</artist>
  </wallpaper>
  <wallpaper deleted="false">
    <name>wallhaven-82293.jpg</name>
    <filename>/opt/Wallpapers/wallhaven-82293.jpg</filename>
    <options>stretched</options>
    <shade_type>vertical-gradient</shade_type>
    <pcolor>rgb(88,145,188)</pcolor>
    <scolor>rgb(60,143,37)</scolor>
    <artist>(none)</artist>
  </wallpaper>
  <wallpaper deleted="false">
    <name>ArchLabs.jpg</name>
    <filename>/opt/Wallpapers/ArchLabs.jpg</filename>
    <options>stretched</options>
    <shade_type>vertical-gradient</shade_type>
    <pcolor>rgb(88,145,188)</pcolor>
    <scolor>rgb(60,143,37)</scolor>
    <artist>(none)</artist>
  </wallpaper>
  <wallpaper deleted="false">
    <name>wallhaven-732077.jpg</name>
    <filename>/opt/Wallpapers/wallhaven-732077.jpg</filename>
    <options>stretched</options>
    <shade_type>vertical-gradient</shade_type>
    <pcolor>rgb(88,145,188)</pcolor>
    <scolor>rgb(60,143,37)</scolor>
    <artist>(none)</artist>
  </wallpaper>
  <wallpaper deleted="true">
    <name>Cosmos</name>
    <filename>/usr/share/backgrounds/cosmos/background-1.xml</filename>
    <options>zoom</options>
    <shade_type>vertical-gradient</shade_type>
    <pcolor>rgb(88,145,188)</pcolor>
    <scolor>rgb(60,143,37)</scolor>
    <artist>(none)</artist>
  </wallpaper>
  <wallpaper deleted="false">
    <name>erowall - regina piil, redhead, stockings, sideboob, no bra, black stockings.jpg</name>
    <filename>/opt/Wallpapers/erowall - regina piil, redhead, stockings, sideboob, no bra, black stockings.jpg</filename>
    <options>stretched</options>
    <shade_type>vertical-gradient</shade_type>
    <pcolor>rgb(88,145,188)</pcolor>
    <scolor>rgb(60,143,37)</scolor>
    <artist>(none)</artist>
  </wallpaper>
  <wallpaper deleted="false">
    <name>erowall - margo amp, tanned, black panties, in bed, panties down, closed eyes, armpits, ribs, pillow, in bed.jpg</name>
    <filename>/opt/Wallpapers/erowall - margo amp, tanned, black panties, in bed, panties down, closed eyes, armpits, ribs, pillow, in bed.jpg</filename>
    <options>stretched</options>
    <shade_type>vertical-gradient</shade_type>
    <pcolor>rgb(88,145,188)</pcolor>
    <scolor>rgb(60,143,37)</scolor>
    <artist>(none)</artist>
  </wallpaper>
  <wallpaper deleted="false">
    <name>Excl_Autumn_Leaf.jpg</name>
    <filename>/opt/Wallpapers/Excl_Autumn_Leaf.jpg</filename>
    <options>stretched</options>
    <shade_type>vertical-gradient</shade_type>
    <pcolor>rgb(88,145,188)</pcolor>
    <scolor>rgb(60,143,37)</scolor>
    <artist>(none)</artist>
  </wallpaper>
  <wallpaper deleted="false">
    <name>wallhaven-262143.jpg</name>
    <filename>/opt/Wallpapers/wallhaven-262143.jpg</filename>
    <options>stretched</options>
    <shade_type>vertical-gradient</shade_type>
    <pcolor>rgb(88,145,188)</pcolor>
    <scolor>rgb(60,143,37)</scolor>
    <artist>(none)</artist>
  </wallpaper>
  <wallpaper deleted="false">
    <name>wallhaven-731671.jpg</name>
    <filename>/opt/Wallpapers/wallhaven-731671.jpg</filename>
    <options>stretched</options>
    <shade_type>vertical-gradient</shade_type>
    <pcolor>rgb(88,145,188)</pcolor>
    <scolor>rgb(60,143,37)</scolor>
    <artist>(none)</artist>
  </wallpaper>
  <wallpaper deleted="false">
    <name>wallhaven-77159.jpg</name>
    <filename>/opt/Wallpapers/wallhaven-77159.jpg</filename>
    <options>stretched</options>
    <shade_type>vertical-gradient</shade_type>
    <pcolor>rgb(88,145,188)</pcolor>
    <scolor>rgb(60,143,37)</scolor>
    <artist>(none)</artist>
  </wallpaper>
  <wallpaper deleted="false">
    <name>wallhaven-322283.jpg</name>
    <filename>/opt/Wallpapers/wallhaven-322283.jpg</filename>
    <options>stretched</options>
    <shade_type>vertical-gradient</shade_type>
    <pcolor>rgb(88,145,188)</pcolor>
    <scolor>rgb(60,143,37)</scolor>
    <artist>(none)</artist>
  </wallpaper>
  <wallpaper deleted="false">
    <name>wallhaven-89540.jpg</name>
    <filename>/opt/Wallpapers/wallhaven-89540.jpg</filename>
    <options>stretched</options>
    <shade_type>vertical-gradient</shade_type>
    <pcolor>rgb(88,145,188)</pcolor>
    <scolor>rgb(60,143,37)</scolor>
    <artist>(none)</artist>
  </wallpaper>
  <wallpaper deleted="false">
    <name>erowall - margo amp, topless, in bed, boobs, nipples, ribs, big tits, leggins.jpg</name>
    <filename>/opt/Wallpapers/erowall - margo amp, topless, in bed, boobs, nipples, ribs, big tits, leggins.jpg</filename>
    <options>stretched</options>
    <shade_type>vertical-gradient</shade_type>
    <pcolor>rgb(88,145,188)</pcolor>
    <scolor>rgb(60,143,37)</scolor>
    <artist>(none)</artist>
  </wallpaper>
  <wallpaper deleted="false">
    <name>wallhaven-335934.jpg</name>
    <filename>/opt/Wallpapers/wallhaven-335934.jpg</filename>
    <options>stretched</options>
    <shade_type>vertical-gradient</shade_type>
    <pcolor>rgb(88,145,188)</pcolor>
    <scolor>rgb(60,143,37)</scolor>
    <artist>(none)</artist>
  </wallpaper>
  <wallpaper deleted="false">
    <name>wallhaven-409175.jpg</name>
    <filename>/opt/Wallpapers/wallhaven-409175.jpg</filename>
    <options>stretched</options>
    <shade_type>vertical-gradient</shade_type>
    <pcolor>rgb(88,145,188)</pcolor>
    <scolor>rgb(60,143,37)</scolor>
    <artist>(none)</artist>
  </wallpaper>
  <wallpaper deleted="false">
    <name>Nenhum plano de fundo</name>
    <filename>(none)</filename>
    <options>wallpaper</options>
    <shade_type>vertical-gradient</shade_type>
    <pcolor>rgb(88,145,188)</pcolor>
    <scolor>rgb(60,143,37)</scolor>
    <artist>(none)</artist>
  </wallpaper>
  <wallpaper deleted="false">
    <name>wallhaven-57305.jpg</name>
    <filename>/opt/Wallpapers/wallhaven-57305.jpg</filename>
    <options>stretched</options>
    <shade_type>vertical-gradient</shade_type>
    <pcolor>rgb(88,145,188)</pcolor>
    <scolor>rgb(60,143,37)</scolor>
    <artist>(none)</artist>
  </wallpaper>
  <wallpaper deleted="false">
    <name>erowall - naked, tanned, hot, boobs, big tits, nipples, shaved.jpg</name>
    <filename>/opt/Wallpapers/erowall - naked, tanned, hot, boobs, big tits, nipples, shaved.jpg</filename>
    <options>stretched</options>
    <shade_type>vertical-gradient</shade_type>
    <pcolor>rgb(88,145,188)</pcolor>
    <scolor>rgb(60,143,37)</scolor>
    <artist>(none)</artist>
  </wallpaper>
  <wallpaper deleted="false">
    <name>erowall - odri bitoni, brunette, nude, naked, sexy girl, katelin.jpg</name>
    <filename>/opt/Wallpapers/erowall - odri bitoni, brunette, nude, naked, sexy girl, katelin.jpg</filename>
    <options>zoom</options>
    <shade_type>vertical-gradient</shade_type>
    <pcolor>rgb(88,145,188)</pcolor>
    <scolor>rgb(60,143,37)</scolor>
    <artist>(none)</artist>
  </wallpaper>
  <wallpaper deleted="false">
    <name>fhaller_surreal_sunset.jpg</name>
    <filename>/opt/Wallpapers/fhaller_surreal_sunset.jpg</filename>
    <options>stretched</options>
    <shade_type>vertical-gradient</shade_type>
    <pcolor>rgb(88,145,188)</pcolor>
    <scolor>rgb(60,143,37)</scolor>
    <artist>(none)</artist>
  </wallpaper>
  <wallpaper deleted="false">
    <name>erowall - naked, tanned, bed, sexy legs, boobs, tits.jpg</name>
    <filename>/opt/Wallpapers/erowall - naked, tanned, bed, sexy legs, boobs, tits.jpg</filename>
    <options>stretched</options>
    <shade_type>vertical-gradient</shade_type>
    <pcolor>rgb(88,145,188)</pcolor>
    <scolor>rgb(60,143,37)</scolor>
    <artist>(none)</artist>
  </wallpaper>
  <wallpaper deleted="false">
    <name>oskarssylwan_symmetry.jpg</name>
    <filename>/opt/Wallpapers/oskarssylwan_symmetry.jpg</filename>
    <options>stretched</options>
    <shade_type>vertical-gradient</shade_type>
    <pcolor>rgb(88,145,188)</pcolor>
    <scolor>rgb(60,143,37)</scolor>
    <artist>(none)</artist>
  </wallpaper>
  <wallpaper deleted="false">
    <name>erowall - margo amp, tanned, black panties, in bed, closed eyes, boobs, nipples, topless, tits.jpg</name>
    <filename>/opt/Wallpapers/erowall - margo amp, tanned, black panties, in bed, closed eyes, boobs, nipples, topless, tits.jpg</filename>
    <options>stretched</options>
    <shade_type>vertical-gradient</shade_type>
    <pcolor>rgb(88,145,188)</pcolor>
    <scolor>rgb(60,143,37)</scolor>
    <artist>(none)</artist>
  </wallpaper>
  <wallpaper deleted="false">
    <name>symbolics-2.jpg</name>
    <filename>/opt/Wallpapers/symbolics-2.jpg</filename>
    <options>stretched</options>
    <shade_type>vertical-gradient</shade_type>
    <pcolor>rgb(88,145,188)</pcolor>
    <scolor>rgb(60,143,37)</scolor>
    <artist>(none)</artist>
  </wallpaper>
  <wallpaper deleted="false">
    <name>gabriele-diwald-201135.jpg</name>
    <filename>/opt/Wallpapers/gabriele-diwald-201135.jpg</filename>
    <options>stretched</options>
    <shade_type>vertical-gradient</shade_type>
    <pcolor>rgb(88,145,188)</pcolor>
    <scolor>rgb(60,143,37)</scolor>
    <artist>(none)</artist>
  </wallpaper>
  <wallpaper deleted="false">
    <name>wallhaven-721582.jpg</name>
    <filename>/opt/Wallpapers/wallhaven-721582.jpg</filename>
    <options>stretched</options>
    <shade_type>vertical-gradient</shade_type>
    <pcolor>rgb(88,145,188)</pcolor>
    <scolor>rgb(60,143,37)</scolor>
    <artist>(none)</artist>
  </wallpaper>
  <wallpaper deleted="false">
    <name>699821.jpg</name>
    <filename>/opt/Wallpapers/699821.jpg</filename>
    <options>stretched</options>
    <shade_type>vertical-gradient</shade_type>
    <pcolor>rgb(88,145,188)</pcolor>
    <scolor>rgb(60,143,37)</scolor>
    <artist>(none)</artist>
  </wallpaper>
  <wallpaper deleted="false">
    <name>wallhaven-609833.jpg</name>
    <filename>/opt/Wallpapers/wallhaven-609833.jpg</filename>
    <options>stretched</options>
    <shade_type>vertical-gradient</shade_type>
    <pcolor>rgb(88,145,188)</pcolor>
    <scolor>rgb(60,143,37)</scolor>
    <artist>(none)</artist>
  </wallpaper>
</wallpapers>
