<?xml version="1.0" encoding="UTF-8"?>

<channel name="pointers" version="1.0">
  <property name="Microsoft_Microsoft_Wireless_Optical_Desktop_210" type="empty">
    <property name="RightHanded" type="bool" value="true"/>
    <property name="Threshold" type="int" value="1"/>
    <property name="Acceleration" type="double" value="10.000000"/>
    <property name="ReverseScrolling" type="bool" value="false"/>
  </property>
  <property name="Logitech_USB_Receiver_Mouse" type="empty">
    <property name="RightHanded" type="bool" value="true"/>
    <property name="Threshold" type="int" value="1"/>
    <property name="Acceleration" type="double" value="6.100000"/>
  </property>
</channel>
