<?xml version="1.0" encoding="UTF-8"?>

<channel name="xfce4-desktop" version="1.0">
  <property name="backdrop" type="empty">
    <property name="screen0" type="empty">
      <property name="monitor0" type="empty">
        <property name="workspace0" type="empty">
          <property name="color-style" type="int" value="0"/>
          <property name="image-style" type="int" value="5"/>
          <property name="last-image" type="string" value="/opt/Wallpapers/wallhaven-479819.png"/>
          <property name="color1" type="array">
            <value type="uint" value="10280"/>
            <value type="uint" value="10280"/>
            <value type="uint" value="10280"/>
            <value type="uint" value="65535"/>
          </property>
          <property name="backdrop-cycle-enable" type="bool" value="false"/>
        </property>
        <property name="workspace1" type="empty">
          <property name="color-style" type="int" value="0"/>
          <property name="image-style" type="int" value="5"/>
          <property name="last-image" type="string" value="/opt/Wallpapers/wallhaven-479819.png"/>
        </property>
        <property name="workspace2" type="empty">
          <property name="color-style" type="int" value="0"/>
          <property name="image-style" type="int" value="5"/>
          <property name="last-image" type="string" value="/opt/Wallpapers/wallhaven-479819.png"/>
        </property>
        <property name="workspace3" type="empty">
          <property name="color-style" type="int" value="0"/>
          <property name="image-style" type="int" value="5"/>
          <property name="last-image" type="string" value="/opt/Wallpapers/wallhaven-479819.png"/>
        </property>
      </property>
      <property name="monitor1" type="empty">
        <property name="workspace0" type="empty">
          <property name="color-style" type="int" value="0"/>
          <property name="image-style" type="int" value="5"/>
          <property name="last-image" type="string" value="/opt/Wallpapers/wallhaven-479819.png"/>
        </property>
        <property name="workspace1" type="empty">
          <property name="color-style" type="int" value="0"/>
          <property name="image-style" type="int" value="5"/>
          <property name="last-image" type="string" value="/opt/Wallpapers/wallhaven-479819.png"/>
        </property>
      </property>
      <property name="monitorHDMI-0" type="empty">
        <property name="workspace0" type="empty">
          <property name="last-image" type="string" value="/opt/Wallpapers/wallhaven-455247.jpg"/>
          <property name="backdrop-cycle-enable" type="bool" value="false"/>
          <property name="backdrop-cycle-timer" type="uint" value="5"/>
          <property name="color-style" type="int" value="0"/>
          <property name="image-style" type="int" value="5"/>
          <property name="rgba1" type="array">
            <value type="double" value="0.000000"/>
            <value type="double" value="0.000000"/>
            <value type="double" value="0.000000"/>
            <value type="double" value="1.000000"/>
          </property>
        </property>
        <property name="workspace1" type="empty">
          <property name="last-image" type="string" value="/opt/Wallpapers/wallhaven-479819.png"/>
          <property name="color-style" type="int" value="0"/>
          <property name="image-style" type="int" value="5"/>
        </property>
      </property>
    </property>
    <property name="single-workspace-mode" type="bool" value="true"/>
    <property name="single-workspace-number" type="int" value="0"/>
  </property>
  <property name="desktop-icons" type="empty">
    <property name="file-icons" type="empty">
      <property name="show-home" type="bool" value="false"/>
      <property name="show-filesystem" type="bool" value="false"/>
      <property name="show-trash" type="bool" value="false"/>
      <property name="show-removable" type="bool" value="false"/>
    </property>
  </property>
  <property name="last" type="empty">
    <property name="window-width" type="int" value="1363"/>
    <property name="window-height" type="int" value="780"/>
  </property>
</channel>
