<?xml version="1.0" encoding="UTF-8"?>

<channel name="xfce4-panel" version="1.0">
  <property name="configver" type="int" value="2"/>
  <property name="panels" type="array">
    <value type="int" value="1"/>
    <property name="panel-1" type="empty">
      <property name="position" type="string" value="p=6;x=960;y=19"/>
      <property name="length" type="uint" value="100"/>
      <property name="position-locked" type="bool" value="true"/>
      <property name="size" type="uint" value="36"/>
      <property name="plugin-ids" type="array">
        <value type="int" value="9"/>
        <value type="int" value="15"/>
        <value type="int" value="7"/>
        <value type="int" value="8"/>
        <value type="int" value="4"/>
        <value type="int" value="6"/>
        <value type="int" value="3"/>
        <value type="int" value="5"/>
        <value type="int" value="2"/>
      </property>
      <property name="background-alpha" type="uint" value="100"/>
      <property name="autohide-behavior" type="uint" value="0"/>
      <property name="background-style" type="uint" value="0"/>
      <property name="background-color" type="array">
        <value type="uint" value="14392"/>
        <value type="uint" value="15420"/>
        <value type="uint" value="19018"/>
        <value type="uint" value="65535"/>
      </property>
      <property name="leave-opacity" type="uint" value="100"/>
      <property name="enter-opacity" type="uint" value="100"/>
    </property>
  </property>
  <property name="plugins" type="empty">
    <property name="plugin-2" type="string" value="actions">
      <property name="appearance" type="uint" value="0"/>
      <property name="items" type="array">
        <value type="string" value="-lock-screen"/>
        <value type="string" value="-switch-user"/>
        <value type="string" value="-separator"/>
        <value type="string" value="-suspend"/>
        <value type="string" value="-hibernate"/>
        <value type="string" value="-separator"/>
        <value type="string" value="-shutdown"/>
        <value type="string" value="-restart"/>
        <value type="string" value="-separator"/>
        <value type="string" value="+logout"/>
        <value type="string" value="-logout-dialog"/>
      </property>
    </property>
    <property name="plugin-15" type="string" value="separator">
      <property name="expand" type="bool" value="true"/>
      <property name="style" type="uint" value="0"/>
    </property>
    <property name="plugin-6" type="string" value="systray">
      <property name="names-visible" type="array">
        <value type="string" value="telegramdesktop"/>
        <value type="string" value="clipman"/>
        <value type="string" value="albert"/>
        <value type="string" value="miniaplicativo gerenciador de redes"/>
        <value type="string" value="javaembeddedframe"/>
        <value type="string" value="transmission"/>
      </property>
      <property name="names-hidden" type="array">
      </property>
      <property name="show-frame" type="bool" value="true"/>
    </property>
    <property name="plugin-3" type="string" value="pulseaudio">
      <property name="enable-keyboard-shortcuts" type="bool" value="true"/>
      <property name="mpris-players" type="string" value="audacious;smplayer;smplayer.instance27215;smplayer.instance28037;smplayer.instance28624;smplayer.instance28838;smplayer.instance30225;smplayer.instance4069;vlc"/>
    </property>
    <property name="plugin-7" type="string" value="launcher">
      <property name="items" type="array">
        <value type="string" value="15385168071.desktop"/>
      </property>
    </property>
    <property name="plugin-8" type="string" value="xfce4-clipman-plugin"/>
    <property name="clipman" type="empty">
      <property name="tweaks" type="empty">
        <property name="never-confirm-history-clear" type="bool" value="true"/>
      </property>
      <property name="settings" type="empty">
        <property name="max-texts-in-history" type="uint" value="30"/>
      </property>
    </property>
    <property name="plugin-4" type="string" value="pager">
      <property name="rows" type="uint" value="2"/>
    </property>
    <property name="plugin-5" type="string" value="clock"/>
    <property name="plugin-9" type="string" value="whiskermenu"/>
  </property>
</channel>
