<?xml version="1.0" encoding="UTF-8"?>

<channel name="xsettings" version="1.0">
  <property name="Net" type="empty">
    <property name="ThemeName" type="string" value="Materia-dark-compact"/>
    <property name="IconThemeName" type="string" value="Numix-Square"/>
    <property name="DoubleClickTime" type="int" value="371"/>
    <property name="DoubleClickDistance" type="int" value="1"/>
    <property name="DndDragThreshold" type="int" value="2"/>
    <property name="CursorBlink" type="empty"/>
    <property name="CursorBlinkTime" type="empty"/>
    <property name="SoundThemeName" type="empty"/>
    <property name="EnableEventSounds" type="empty"/>
    <property name="EnableInputFeedbackSounds" type="empty"/>
  </property>
  <property name="Xft" type="empty">
    <property name="DPI" type="int" value="97"/>
    <property name="Antialias" type="empty"/>
    <property name="Hinting" type="empty"/>
    <property name="HintStyle" type="empty"/>
    <property name="RGBA" type="empty"/>
  </property>
  <property name="Gtk" type="empty">
    <property name="CanChangeAccels" type="empty"/>
    <property name="ColorPalette" type="empty"/>
    <property name="FontName" type="string" value="Bauhaus weight=101 13"/>
    <property name="MonospaceFontName" type="string" value="Ubuntu Mono 13"/>
    <property name="IconSizes" type="empty"/>
    <property name="KeyThemeName" type="empty"/>
    <property name="ToolbarStyle" type="empty"/>
    <property name="ToolbarIconSize" type="empty"/>
    <property name="MenuImages" type="empty"/>
    <property name="ButtonImages" type="empty"/>
    <property name="MenuBarAccel" type="empty"/>
    <property name="CursorThemeName" type="string" value="breeze_cursors"/>
    <property name="CursorThemeSize" type="int" value="16"/>
    <property name="DecorationLayout" type="string" value=":minimize,maximize,close"/>
  </property>
  <property name="Xfce" type="empty">
    <property name="LastCustomDPI" type="int" value="97"/>
  </property>
</channel>
