<?xml version="1.0"?>
<!DOCTYPE wallpapers SYSTEM "mate-wp-list.dtd">
<wallpapers>
  <wallpaper deleted="false">
    <name>wallhaven-531128.jpg</name>
    <filename>/usr/share/backgrounds/Custom/wallhaven-531128.jpg</filename>
    <options>wallpaper</options>
    <shade_type>vertical-gradient</shade_type>
    <pcolor>rgb(88,145,188)</pcolor>
    <scolor>rgb(60,143,37)</scolor>
    <artist/>
  </wallpaper>
  <wallpaper deleted="false">
    <name>pwuyts_kings_canyon.jpg</name>
    <filename>/usr/share/backgrounds/Custom/pwuyts_kings_canyon.jpg</filename>
    <options>wallpaper</options>
    <shade_type>vertical-gradient</shade_type>
    <pcolor>rgb(88,145,188)</pcolor>
    <scolor>rgb(60,143,37)</scolor>
    <artist/>
  </wallpaper>
  <wallpaper deleted="false">
    <name>wallhaven-93398.png</name>
    <filename>/usr/share/backgrounds/Custom/wallhaven-93398.png</filename>
    <options>wallpaper</options>
    <shade_type>vertical-gradient</shade_type>
    <pcolor>rgb(88,145,188)</pcolor>
    <scolor>rgb(60,143,37)</scolor>
    <artist/>
  </wallpaper>
  <wallpaper deleted="false">
    <name>Leaves.jpg</name>
    <filename>/usr/share/backgrounds/Custom/Leaves.jpg</filename>
    <options>wallpaper</options>
    <shade_type>vertical-gradient</shade_type>
    <pcolor>rgb(88,145,188)</pcolor>
    <scolor>rgb(60,143,37)</scolor>
    <artist/>
  </wallpaper>
  <wallpaper deleted="false">
    <name>dclarke_rock.jpg</name>
    <filename>/usr/share/backgrounds/Custom/dclarke_rock.jpg</filename>
    <options>wallpaper</options>
    <shade_type>vertical-gradient</shade_type>
    <pcolor>rgb(88,145,188)</pcolor>
    <scolor>rgb(60,143,37)</scolor>
    <artist/>
  </wallpaper>
  <wallpaper deleted="false">
    <name>ColdRipple-1920x1080.jpg</name>
    <filename>/usr/share/backgrounds/Custom/ColdRipple-1920x1080.jpg</filename>
    <options>wallpaper</options>
    <shade_type>vertical-gradient</shade_type>
    <pcolor>rgb(88,145,188)</pcolor>
    <scolor>rgb(60,143,37)</scolor>
    <artist/>
  </wallpaper>
  <wallpaper deleted="false">
    <name>Nenhum plano de fundo</name>
    <filename>(none)</filename>
    <options>wallpaper</options>
    <shade_type>vertical-gradient</shade_type>
    <pcolor>rgb(88,145,188)</pcolor>
    <scolor>rgb(60,143,37)</scolor>
    <artist/>
  </wallpaper>
  <wallpaper deleted="false">
    <name>rlukeman_skye.jpg</name>
    <filename>/usr/share/backgrounds/Custom/rlukeman_skye.jpg</filename>
    <options>wallpaper</options>
    <shade_type>vertical-gradient</shade_type>
    <pcolor>rgb(88,145,188)</pcolor>
    <scolor>rgb(60,143,37)</scolor>
    <artist/>
  </wallpaper>
  <wallpaper deleted="false">
    <name>Holes_by_FireCobold.jpg</name>
    <filename>/usr/share/backgrounds/Custom/Holes_by_FireCobold.jpg</filename>
    <options>wallpaper</options>
    <shade_type>vertical-gradient</shade_type>
    <pcolor>rgb(88,145,188)</pcolor>
    <scolor>rgb(60,143,37)</scolor>
    <artist/>
  </wallpaper>
  <wallpaper deleted="false">
    <name>ColorfulCups-1920x1080.jpg</name>
    <filename>/usr/share/backgrounds/Custom/ColorfulCups-1920x1080.jpg</filename>
    <options>wallpaper</options>
    <shade_type>vertical-gradient</shade_type>
    <pcolor>rgb(88,145,188)</pcolor>
    <scolor>rgb(60,143,37)</scolor>
    <artist/>
  </wallpaper>
  <wallpaper deleted="false">
    <name>Partitura_by_Vincijun.jpg</name>
    <filename>/usr/share/backgrounds/Custom/Partitura_by_Vincijun.jpg</filename>
    <options>wallpaper</options>
    <shade_type>vertical-gradient</shade_type>
    <pcolor>rgb(88,145,188)</pcolor>
    <scolor>rgb(60,143,37)</scolor>
    <artist/>
  </wallpaper>
  <wallpaper deleted="false">
    <name>Momiji_Dream_by_Deacon_MacMillan.jpg</name>
    <filename>/usr/share/backgrounds/Custom/Momiji_Dream_by_Deacon_MacMillan.jpg</filename>
    <options>wallpaper</options>
    <shade_type>vertical-gradient</shade_type>
    <pcolor>rgb(88,145,188)</pcolor>
    <scolor>rgb(60,143,37)</scolor>
    <artist/>
  </wallpaper>
  <wallpaper deleted="false">
    <name>Twilight_Frost_by_Phil_Jackson.jpg</name>
    <filename>/usr/share/backgrounds/Custom/Twilight_Frost_by_Phil_Jackson.jpg</filename>
    <options>wallpaper</options>
    <shade_type>vertical-gradient</shade_type>
    <pcolor>rgb(88,145,188)</pcolor>
    <scolor>rgb(60,143,37)</scolor>
    <artist/>
  </wallpaper>
  <wallpaper deleted="false">
    <name>ehall_iceland.jpg</name>
    <filename>/usr/share/backgrounds/Custom/ehall_iceland.jpg</filename>
    <options>wallpaper</options>
    <shade_type>vertical-gradient</shade_type>
    <pcolor>rgb(88,145,188)</pcolor>
    <scolor>rgb(60,143,37)</scolor>
    <artist/>
  </wallpaper>
  <wallpaper deleted="false">
    <name>pfischer_pine_branch.jpg</name>
    <filename>/usr/share/backgrounds/Custom/pfischer_pine_branch.jpg</filename>
    <options>wallpaper</options>
    <shade_type>vertical-gradient</shade_type>
    <pcolor>rgb(88,145,188)</pcolor>
    <scolor>rgb(60,143,37)</scolor>
    <artist/>
  </wallpaper>
  <wallpaper deleted="false">
    <name>dking_momiji.jpg</name>
    <filename>/usr/share/backgrounds/Custom/dking_momiji.jpg</filename>
    <options>wallpaper</options>
    <shade_type>vertical-gradient</shade_type>
    <pcolor>rgb(88,145,188)</pcolor>
    <scolor>rgb(60,143,37)</scolor>
    <artist/>
  </wallpaper>
  <wallpaper deleted="false">
    <name>wallhaven-96219.jpg</name>
    <filename>/usr/share/backgrounds/Custom/wallhaven-96219.jpg</filename>
    <options>wallpaper</options>
    <shade_type>vertical-gradient</shade_type>
    <pcolor>rgb(88,145,188)</pcolor>
    <scolor>rgb(60,143,37)</scolor>
    <artist/>
  </wallpaper>
  <wallpaper deleted="false">
    <name>Morning_Sun_on_Frost-Covered_Leaves_by_Gary_A_Stafford.jpg</name>
    <filename>/usr/share/backgrounds/Custom/Morning_Sun_on_Frost-Covered_Leaves_by_Gary_A_Stafford.jpg</filename>
    <options>wallpaper</options>
    <shade_type>vertical-gradient</shade_type>
    <pcolor>rgb(88,145,188)</pcolor>
    <scolor>rgb(60,143,37)</scolor>
    <artist/>
  </wallpaper>
  <wallpaper deleted="false">
    <name>Path-1920x1080.jpg</name>
    <filename>/usr/share/backgrounds/Custom/Path-1920x1080.jpg</filename>
    <options>wallpaper</options>
    <shade_type>vertical-gradient</shade_type>
    <pcolor>rgb(88,145,188)</pcolor>
    <scolor>rgb(60,143,37)</scolor>
    <artist/>
  </wallpaper>
  <wallpaper deleted="false">
    <name>Urban Dream.jpg</name>
    <filename>/usr/share/backgrounds/Custom/Urban Dream.jpg</filename>
    <options>wallpaper</options>
    <shade_type>vertical-gradient</shade_type>
    <pcolor>rgb(88,145,188)</pcolor>
    <scolor>rgb(60,143,37)</scolor>
    <artist/>
  </wallpaper>
  <wallpaper deleted="false">
    <name>wallhaven-586266.jpg</name>
    <filename>/usr/share/backgrounds/Custom/wallhaven-586266.jpg</filename>
    <options>wallpaper</options>
    <shade_type>vertical-gradient</shade_type>
    <pcolor>rgb(88,145,188)</pcolor>
    <scolor>rgb(60,143,37)</scolor>
    <artist/>
  </wallpaper>
  <wallpaper deleted="false">
    <name>nfeans_street_lights.jpg</name>
    <filename>/usr/share/backgrounds/Custom/nfeans_street_lights.jpg</filename>
    <options>wallpaper</options>
    <shade_type>vertical-gradient</shade_type>
    <pcolor>rgb(88,145,188)</pcolor>
    <scolor>rgb(60,143,37)</scolor>
    <artist/>
  </wallpaper>
  <wallpaper deleted="false">
    <name>debian-04.png</name>
    <filename>/usr/share/backgrounds/Custom/debian-04.png</filename>
    <options>wallpaper</options>
    <shade_type>vertical-gradient</shade_type>
    <pcolor>rgb(88,145,188)</pcolor>
    <scolor>rgb(60,143,37)</scolor>
    <artist/>
  </wallpaper>
  <wallpaper deleted="false">
    <name>krodriguez_pfeiffer_beach.jpg</name>
    <filename>/usr/share/backgrounds/Custom/krodriguez_pfeiffer_beach.jpg</filename>
    <options>wallpaper</options>
    <shade_type>vertical-gradient</shade_type>
    <pcolor>rgb(88,145,188)</pcolor>
    <scolor>rgb(60,143,37)</scolor>
    <artist/>
  </wallpaper>
  <wallpaper deleted="false">
    <name>EveningGlow-1920x1080.jpg</name>
    <filename>/usr/share/backgrounds/Custom/EveningGlow-1920x1080.jpg</filename>
    <options>wallpaper</options>
    <shade_type>vertical-gradient</shade_type>
    <pcolor>rgb(88,145,188)</pcolor>
    <scolor>rgb(60,143,37)</scolor>
    <artist/>
  </wallpaper>
  <wallpaper deleted="false">
    <name>debian-03.png</name>
    <filename>/usr/share/backgrounds/Custom/debian-03.png</filename>
    <options>wallpaper</options>
    <shade_type>vertical-gradient</shade_type>
    <pcolor>rgb(88,145,188)</pcolor>
    <scolor>rgb(60,143,37)</scolor>
    <artist/>
  </wallpaper>
  <wallpaper deleted="false">
    <name>BytheWater-1920x1080.jpg</name>
    <filename>/usr/share/backgrounds/Custom/BytheWater-1920x1080.jpg</filename>
    <options>wallpaper</options>
    <shade_type>vertical-gradient</shade_type>
    <pcolor>rgb(88,145,188)</pcolor>
    <scolor>rgb(60,143,37)</scolor>
    <artist/>
  </wallpaper>
  <wallpaper deleted="false">
    <name>clock_by_Bernhard_Hanakam.jpg</name>
    <filename>/usr/share/backgrounds/Custom/clock_by_Bernhard_Hanakam.jpg</filename>
    <options>wallpaper</options>
    <shade_type>vertical-gradient</shade_type>
    <pcolor>rgb(88,145,188)</pcolor>
    <scolor>rgb(60,143,37)</scolor>
    <artist/>
  </wallpaper>
  <wallpaper deleted="false">
    <name>FallenLeaf-1920x1080.jpg</name>
    <filename>/usr/share/backgrounds/Custom/FallenLeaf-1920x1080.jpg</filename>
    <options>wallpaper</options>
    <shade_type>vertical-gradient</shade_type>
    <pcolor>rgb(88,145,188)</pcolor>
    <scolor>rgb(60,143,37)</scolor>
    <artist/>
  </wallpaper>
  <wallpaper deleted="false">
    <name>gmccurdy_nature_in_red.jpg</name>
    <filename>/usr/share/backgrounds/Custom/gmccurdy_nature_in_red.jpg</filename>
    <options>wallpaper</options>
    <shade_type>vertical-gradient</shade_type>
    <pcolor>rgb(88,145,188)</pcolor>
    <scolor>rgb(60,143,37)</scolor>
    <artist/>
  </wallpaper>
  <wallpaper deleted="false">
    <name>Tunnel.jpg</name>
    <filename>/usr/share/backgrounds/Custom/Tunnel.jpg</filename>
    <options>wallpaper</options>
    <shade_type>vertical-gradient</shade_type>
    <pcolor>rgb(88,145,188)</pcolor>
    <scolor>rgb(60,143,37)</scolor>
    <artist/>
  </wallpaper>
  <wallpaper deleted="false">
    <name>debian-02.png</name>
    <filename>/usr/share/backgrounds/Custom/debian-02.png</filename>
    <options>wallpaper</options>
    <shade_type>vertical-gradient</shade_type>
    <pcolor>rgb(88,145,188)</pcolor>
    <scolor>rgb(60,143,37)</scolor>
    <artist/>
  </wallpaper>
  <wallpaper deleted="false">
    <name>wallhaven-292979.jpg</name>
    <filename>/usr/share/backgrounds/Custom/wallhaven-292979.jpg</filename>
    <options>wallpaper</options>
    <shade_type>vertical-gradient</shade_type>
    <pcolor>rgb(88,145,188)</pcolor>
    <scolor>rgb(60,143,37)</scolor>
    <artist/>
  </wallpaper>
  <wallpaper deleted="false">
    <name>debian-01.png</name>
    <filename>/usr/share/backgrounds/Custom/debian-01.png</filename>
    <options>wallpaper</options>
    <shade_type>vertical-gradient</shade_type>
    <pcolor>rgb(88,145,188)</pcolor>
    <scolor>rgb(60,143,37)</scolor>
    <artist/>
  </wallpaper>
  <wallpaper deleted="false">
    <name>dolah_canyon.jpg</name>
    <filename>/usr/share/backgrounds/Custom/dolah_canyon.jpg</filename>
    <options>wallpaper</options>
    <shade_type>vertical-gradient</shade_type>
    <pcolor>rgb(88,145,188)</pcolor>
    <scolor>rgb(60,143,37)</scolor>
    <artist/>
  </wallpaper>
  <wallpaper deleted="false">
    <name>shontz_valley.jpg</name>
    <filename>/usr/share/backgrounds/Custom/shontz_valley.jpg</filename>
    <options>wallpaper</options>
    <shade_type>vertical-gradient</shade_type>
    <pcolor>rgb(88,145,188)</pcolor>
    <scolor>rgb(60,143,37)</scolor>
    <artist/>
  </wallpaper>
  <wallpaper deleted="false">
    <name>Maraetaibeforesunrise.jpg</name>
    <filename>/usr/share/backgrounds/Custom/Maraetaibeforesunrise.jpg</filename>
    <options>wallpaper</options>
    <shade_type>vertical-gradient</shade_type>
    <pcolor>rgb(88,145,188)</pcolor>
    <scolor>rgb(60,143,37)</scolor>
    <artist/>
  </wallpaper>
  <wallpaper deleted="false">
    <name>wallhaven-583469.jpg</name>
    <filename>/usr/share/backgrounds/Custom/wallhaven-583469.jpg</filename>
    <options>wallpaper</options>
    <shade_type>vertical-gradient</shade_type>
    <pcolor>rgb(88,145,188)</pcolor>
    <scolor>rgb(60,143,37)</scolor>
    <artist/>
  </wallpaper>
  <wallpaper deleted="false">
    <name>Grey-1920x1080.jpg</name>
    <filename>/usr/share/backgrounds/Custom/Grey-1920x1080.jpg</filename>
    <options>stretched</options>
    <shade_type>vertical-gradient</shade_type>
    <pcolor>rgb(88,145,188)</pcolor>
    <scolor>rgb(60,143,37)</scolor>
    <artist/>
  </wallpaper>
  <wallpaper deleted="false">
    <name>163_by_e4v.jpg</name>
    <filename>/usr/share/backgrounds/Custom/163_by_e4v.jpg</filename>
    <options>wallpaper</options>
    <shade_type>vertical-gradient</shade_type>
    <pcolor>rgb(88,145,188)</pcolor>
    <scolor>rgb(60,143,37)</scolor>
    <artist/>
  </wallpaper>
  <wallpaper deleted="false">
    <name>Jonas Nilsson Lee.jpg</name>
    <filename>/usr/share/backgrounds/Custom/Jonas Nilsson Lee.jpg</filename>
    <options>wallpaper</options>
    <shade_type>vertical-gradient</shade_type>
    <pcolor>rgb(88,145,188)</pcolor>
    <scolor>rgb(60,143,37)</scolor>
    <artist/>
  </wallpaper>
  <wallpaper deleted="false">
    <name>Golden_leaves_by_Mauro_Campanelli.jpg</name>
    <filename>/usr/share/backgrounds/Custom/Golden_leaves_by_Mauro_Campanelli.jpg</filename>
    <options>wallpaper</options>
    <shade_type>vertical-gradient</shade_type>
    <pcolor>rgb(88,145,188)</pcolor>
    <scolor>rgb(60,143,37)</scolor>
    <artist/>
  </wallpaper>
  <wallpaper deleted="false">
    <name>curved-pier.jpg</name>
    <filename>/usr/share/backgrounds/Custom/curved-pier.jpg</filename>
    <options>wallpaper</options>
    <shade_type>vertical-gradient</shade_type>
    <pcolor>rgb(88,145,188)</pcolor>
    <scolor>rgb(60,143,37)</scolor>
    <artist/>
  </wallpaper>
  <wallpaper deleted="false">
    <name>Autumn-1920x1080.jpg</name>
    <filename>/usr/share/backgrounds/Custom/Autumn-1920x1080.jpg</filename>
    <options>wallpaper</options>
    <shade_type>vertical-gradient</shade_type>
    <pcolor>rgb(88,145,188)</pcolor>
    <scolor>rgb(60,143,37)</scolor>
    <artist/>
  </wallpaper>
  <wallpaper deleted="false">
    <name>sezgin_green.jpg</name>
    <filename>/usr/share/backgrounds/Custom/sezgin_green.jpg</filename>
    <options>wallpaper</options>
    <shade_type>vertical-gradient</shade_type>
    <pcolor>rgb(88,145,188)</pcolor>
    <scolor>rgb(60,143,37)</scolor>
    <artist/>
  </wallpaper>
  <wallpaper deleted="false">
    <name>Planking_is_going_against_the_grain_by_mendhak.jpg</name>
    <filename>/usr/share/backgrounds/Custom/Planking_is_going_against_the_grain_by_mendhak.jpg</filename>
    <options>wallpaper</options>
    <shade_type>vertical-gradient</shade_type>
    <pcolor>rgb(88,145,188)</pcolor>
    <scolor>rgb(60,143,37)</scolor>
    <artist/>
  </wallpaper>
  <wallpaper deleted="false">
    <name>Darkening_Clockwork_by_Matt_Katzenberger.jpg</name>
    <filename>/usr/share/backgrounds/Custom/Darkening_Clockwork_by_Matt_Katzenberger.jpg</filename>
    <options>wallpaper</options>
    <shade_type>vertical-gradient</shade_type>
    <pcolor>rgb(88,145,188)</pcolor>
    <scolor>rgb(60,143,37)</scolor>
    <artist/>
  </wallpaper>
  <wallpaper deleted="false">
    <name>173.jpg</name>
    <filename>/usr/share/backgrounds/Custom/173.jpg</filename>
    <options>wallpaper</options>
    <shade_type>vertical-gradient</shade_type>
    <pcolor>rgb(88,145,188)</pcolor>
    <scolor>rgb(60,143,37)</scolor>
    <artist/>
  </wallpaper>
  <wallpaper deleted="false">
    <name>Ilunabarra_Azkainetik_by_Garuna_bor-bor.jpg</name>
    <filename>/usr/share/backgrounds/Custom/Ilunabarra_Azkainetik_by_Garuna_bor-bor.jpg</filename>
    <options>wallpaper</options>
    <shade_type>vertical-gradient</shade_type>
    <pcolor>rgb(88,145,188)</pcolor>
    <scolor>rgb(60,143,37)</scolor>
    <artist/>
  </wallpaper>
  <wallpaper deleted="false">
    <name>Green_Island_by_Radu_Galan.jpg</name>
    <filename>/usr/share/backgrounds/Custom/Green_Island_by_Radu_Galan.jpg</filename>
    <options>wallpaper</options>
    <shade_type>vertical-gradient</shade_type>
    <pcolor>rgb(88,145,188)</pcolor>
    <scolor>rgb(60,143,37)</scolor>
    <artist/>
  </wallpaper>
  <wallpaper deleted="false">
    <name>3.31.jpg</name>
    <filename>/usr/share/backgrounds/Custom/3.31.jpg</filename>
    <options>wallpaper</options>
    <shade_type>vertical-gradient</shade_type>
    <pcolor>rgb(88,145,188)</pcolor>
    <scolor>rgb(60,143,37)</scolor>
    <artist/>
  </wallpaper>
  <wallpaper deleted="false">
    <name>Dew_by_Aaron_Burden.jpg</name>
    <filename>/usr/share/backgrounds/Custom/Dew_by_Aaron_Burden.jpg</filename>
    <options>wallpaper</options>
    <shade_type>vertical-gradient</shade_type>
    <pcolor>rgb(88,145,188)</pcolor>
    <scolor>rgb(60,143,37)</scolor>
    <artist/>
  </wallpaper>
  <wallpaper deleted="false">
    <name>dsilva_canyon.jpg</name>
    <filename>/usr/share/backgrounds/Custom/dsilva_canyon.jpg</filename>
    <options>wallpaper</options>
    <shade_type>vertical-gradient</shade_type>
    <pcolor>rgb(88,145,188)</pcolor>
    <scolor>rgb(60,143,37)</scolor>
    <artist/>
  </wallpaper>
  <wallpaper deleted="false">
    <name>jgardner_antelope_canyon.jpg</name>
    <filename>/usr/share/backgrounds/Custom/jgardner_antelope_canyon.jpg</filename>
    <options>wallpaper</options>
    <shade_type>vertical-gradient</shade_type>
    <pcolor>rgb(88,145,188)</pcolor>
    <scolor>rgb(60,143,37)</scolor>
    <artist/>
  </wallpaper>
  <wallpaper deleted="false">
    <name>Untitled_by_Garazi_Unzueta.jpg</name>
    <filename>/usr/share/backgrounds/Custom/Untitled_by_Garazi_Unzueta.jpg</filename>
    <options>wallpaper</options>
    <shade_type>vertical-gradient</shade_type>
    <pcolor>rgb(88,145,188)</pcolor>
    <scolor>rgb(60,143,37)</scolor>
    <artist/>
  </wallpaper>
  <wallpaper deleted="false">
    <name>bartosova_aurora.jpg</name>
    <filename>/usr/share/backgrounds/Custom/bartosova_aurora.jpg</filename>
    <options>wallpaper</options>
    <shade_type>vertical-gradient</shade_type>
    <pcolor>rgb(88,145,188)</pcolor>
    <scolor>rgb(60,143,37)</scolor>
    <artist/>
  </wallpaper>
  <wallpaper deleted="false">
    <name>The Coast.jpg</name>
    <filename>/usr/share/backgrounds/Custom/The Coast.jpg</filename>
    <options>wallpaper</options>
    <shade_type>vertical-gradient</shade_type>
    <pcolor>rgb(88,145,188)</pcolor>
    <scolor>rgb(60,143,37)</scolor>
    <artist/>
  </wallpaper>
  <wallpaper deleted="false">
    <name>thumb-1920-572930.jpg</name>
    <filename>/usr/share/backgrounds/Custom/thumb-1920-572930.jpg</filename>
    <options>wallpaper</options>
    <shade_type>vertical-gradient</shade_type>
    <pcolor>rgb(88,145,188)</pcolor>
    <scolor>rgb(60,143,37)</scolor>
    <artist/>
  </wallpaper>
  <wallpaper deleted="false">
    <name>Polka_Dots_and_Moonbeams_by_SirPecanGum.jpg</name>
    <filename>/usr/share/backgrounds/Custom/Polka_Dots_and_Moonbeams_by_SirPecanGum.jpg</filename>
    <options>wallpaper</options>
    <shade_type>vertical-gradient</shade_type>
    <pcolor>rgb(88,145,188)</pcolor>
    <scolor>rgb(60,143,37)</scolor>
    <artist/>
  </wallpaper>
  <wallpaper deleted="false">
    <name>Headstock_by_Bernhard_Hanakam.jpg</name>
    <filename>/usr/share/backgrounds/Custom/Headstock_by_Bernhard_Hanakam.jpg</filename>
    <options>wallpaper</options>
    <shade_type>vertical-gradient</shade_type>
    <pcolor>rgb(88,145,188)</pcolor>
    <scolor>rgb(60,143,37)</scolor>
    <artist/>
  </wallpaper>
  <wallpaper deleted="false">
    <name>anieto2k_hot_balloon_trip.jpg</name>
    <filename>/usr/share/backgrounds/Custom/anieto2k_hot_balloon_trip.jpg</filename>
    <options>wallpaper</options>
    <shade_type>vertical-gradient</shade_type>
    <pcolor>rgb(88,145,188)</pcolor>
    <scolor>rgb(60,143,37)</scolor>
    <artist/>
  </wallpaper>
  <wallpaper deleted="false">
    <name>FallDrops,AncientLight.jpg</name>
    <filename>/usr/share/backgrounds/Custom/FallDrops,AncientLight.jpg</filename>
    <options>wallpaper</options>
    <shade_type>vertical-gradient</shade_type>
    <pcolor>rgb(88,145,188)</pcolor>
    <scolor>rgb(60,143,37)</scolor>
    <artist/>
  </wallpaper>
</wallpapers>
