<?xml version="1.0" encoding="UTF-8"?>

<channel name="displays" version="1.0">
  <property name="ActiveProfile" type="string" value="Default"/>
  <property name="Default" type="empty">
    <property name="HDMI-0" type="string" value="Samsung 32&quot;">
      <property name="Active" type="bool" value="true"/>
      <property name="EDID" type="string" value="e1883b4dd3a34aa7bfca93e2f885f67560eb9bd4"/>
      <property name="Resolution" type="string" value="1920x1080"/>
      <property name="RefreshRate" type="double" value="59.939394"/>
      <property name="Rotation" type="int" value="0"/>
      <property name="Reflection" type="string" value="0"/>
      <property name="Primary" type="bool" value="false"/>
      <property name="Position" type="empty">
        <property name="X" type="int" value="0"/>
        <property name="Y" type="int" value="0"/>
      </property>
    </property>
    <property name="HDMI-1" type="string" value="Samsung 32&quot;">
      <property name="Active" type="bool" value="true"/>
      <property name="EDID" type="string" value="e1883b4dd3a34aa7bfca93e2f885f67560eb9bd4"/>
      <property name="Resolution" type="string" value="1920x1080"/>
      <property name="RefreshRate" type="double" value="60.000000"/>
      <property name="Rotation" type="int" value="0"/>
      <property name="Reflection" type="string" value="0"/>
      <property name="Primary" type="bool" value="false"/>
      <property name="Position" type="empty">
        <property name="X" type="int" value="0"/>
        <property name="Y" type="int" value="0"/>
      </property>
    </property>
  </property>
  <property name="Fallback" type="empty">
    <property name="HDMI-0" type="string" value="Samsung 32&quot;">
      <property name="Active" type="bool" value="true"/>
      <property name="EDID" type="string" value="e1883b4dd3a34aa7bfca93e2f885f67560eb9bd4"/>
      <property name="Resolution" type="string" value="1920x1080"/>
      <property name="RefreshRate" type="double" value="59.939394"/>
      <property name="Rotation" type="int" value="0"/>
      <property name="Reflection" type="string" value="0"/>
      <property name="Primary" type="bool" value="false"/>
      <property name="Position" type="empty">
        <property name="X" type="int" value="0"/>
        <property name="Y" type="int" value="0"/>
      </property>
    </property>
  </property>
</channel>
