<?xml version="1.0" encoding="UTF-8"?>

<channel name="pointers" version="1.0">
  <property name="Logitech_Wireless_Mouse" type="empty">
    <property name="RightHanded" type="bool" value="true"/>
    <property name="ReverseScrolling" type="bool" value="false"/>
    <property name="Threshold" type="int" value="1"/>
    <property name="Acceleration" type="double" value="5.000000"/>
  </property>
  <property name="SIGMACHIP_Usb_Mouse" type="empty">
    <property name="RightHanded" type="bool" value="true"/>
    <property name="Threshold" type="int" value="1"/>
    <property name="Acceleration" type="double" value="10.000000"/>
  </property>
</channel>
