<?xml version="1.0" encoding="UTF-8"?>

<channel name="thunar" version="1.0">
  <property name="last-view" type="string" value="ThunarDetailsView"/>
  <property name="last-location-bar" type="string" value="ThunarLocationButtons"/>
  <property name="last-icon-view-zoom-level" type="string" value="THUNAR_ZOOM_LEVEL_100_PERCENT"/>
  <property name="last-window-maximized" type="bool" value="true"/>
  <property name="last-separator-position" type="int" value="309"/>
  <property name="misc-single-click" type="bool" value="false"/>
  <property name="default-view" type="string" value="ThunarDetailsView"/>
  <property name="last-details-view-zoom-level" type="string" value="THUNAR_ZOOM_LEVEL_50_PERCENT"/>
  <property name="last-details-view-column-widths" type="string" value="50,190,50,50,860,50,50,101,50,429"/>
  <property name="last-window-width" type="int" value="939"/>
  <property name="last-window-height" type="int" value="736"/>
  <property name="last-show-hidden" type="bool" value="true"/>
</channel>
