<?xml version="1.0" encoding="UTF-8"?>

<channel name="xfce4-notifyd" version="1.0">
  <property name="applications" type="empty">
    <property name="known_applications" type="array">
      <value type="string" value="balena-etcher-electron"/>
      <value type="string" value="bleachbit"/>
      <value type="string" value="ca.desrt.dconf-editor"/>
      <value type="string" value="flameshot"/>
      <value type="string" value="MEGAsync"/>
      <value type="string" value="nemo"/>
      <value type="string" value="nm-applet"/>
      <value type="string" value="notify-send"/>
      <value type="string" value="Transmission"/>
      <value type="string" value="vivaldi-stable"/>
      <value type="string" value="Xfce volume control"/>
      <value type="string" value="Xfce4-notifyd settings"/>
      <value type="string" value="xfce4-settings-helper"/>
    </property>
  </property>
  <property name="primary-monitor" type="uint" value="0"/>
  <property name="notify-location" type="uint" value="2"/>
  <property name="log-level" type="uint" value="0"/>
  <property name="log-level-apps" type="uint" value="0"/>
  <property name="theme" type="string" value="Default"/>
  <property name="expire-timeout" type="int" value="10"/>
  <property name="do-slideout" type="bool" value="true"/>
  <property name="initial-opacity" type="double" value="0.850000"/>
  <property name="do-not-disturb" type="bool" value="false"/>
</channel>
