<?xml version="1.0" encoding="UTF-8"?>

<channel name="xfce4-desktop" version="1.0">
  <property name="backdrop" type="empty">
    <property name="screen0" type="empty">
      <property name="monitorHDMI-0" type="empty">
        <property name="workspace0" type="empty">
          <property name="color-style" type="int" value="3"/>
          <property name="image-style" type="int" value="5"/>
          <property name="last-image" type="string" value="/opt/Wallpapers/wallhaven-dgkk3l.jpg"/>
          <property name="rgba1" type="array">
            <value type="double" value="0.000000"/>
            <value type="double" value="0.000000"/>
            <value type="double" value="0.000000"/>
            <value type="double" value="1.000000"/>
          </property>
        </property>
        <property name="workspace1" type="empty">
          <property name="color-style" type="int" value="0"/>
          <property name="image-style" type="int" value="5"/>
          <property name="last-image" type="string" value="/opt/Wallpapers/wallhaven-96w8e8.png"/>
        </property>
        <property name="workspace2" type="empty">
          <property name="color-style" type="int" value="0"/>
          <property name="image-style" type="int" value="5"/>
          <property name="last-image" type="string" value="/opt/Wallpapers/wallhaven-96w8e8.png"/>
        </property>
      </property>
      <property name="monitor0" type="empty">
        <property name="workspace0" type="empty">
          <property name="color-style" type="int" value="0"/>
          <property name="image-style" type="int" value="5"/>
          <property name="last-image" type="string" value="/usr/share/backgrounds/xfce/xfce-stripes.png"/>
        </property>
        <property name="workspace1" type="empty">
          <property name="color-style" type="int" value="0"/>
          <property name="image-style" type="int" value="5"/>
          <property name="last-image" type="string" value="/usr/share/backgrounds/xfce/xfce-stripes.png"/>
        </property>
        <property name="workspace2" type="empty">
          <property name="color-style" type="int" value="0"/>
          <property name="image-style" type="int" value="5"/>
          <property name="last-image" type="string" value="/usr/share/backgrounds/xfce/xfce-stripes.png"/>
        </property>
      </property>
    </property>
  </property>
  <property name="last" type="empty">
    <property name="window-width" type="int" value="1256"/>
    <property name="window-height" type="int" value="603"/>
  </property>
  <property name="desktop-icons" type="empty">
    <property name="style" type="int" value="0"/>
    <property name="show-tooltips" type="bool" value="true"/>
  </property>
  <property name="desktop-menu" type="empty">
    <property name="show-icons" type="bool" value="false"/>
  </property>
</channel>
