<?xml version="1.0" encoding="UTF-8"?>

<channel name="xfce4-panel" version="1.0">
  <property name="configver" type="int" value="2"/>
  <property name="panels" type="array">
    <value type="int" value="1"/>
    <property name="panel-1" type="empty">
      <property name="position" type="string" value="p=6;x=960;y=19"/>
      <property name="length" type="uint" value="100"/>
      <property name="position-locked" type="bool" value="true"/>
      <property name="icon-size" type="uint" value="0"/>
      <property name="size" type="uint" value="36"/>
      <property name="plugin-ids" type="array">
        <value type="int" value="13"/>
        <value type="int" value="3"/>
        <value type="int" value="17"/>
        <value type="int" value="4"/>
        <value type="int" value="2"/>
        <value type="int" value="1"/>
        <value type="int" value="6"/>
        <value type="int" value="8"/>
        <value type="int" value="15"/>
        <value type="int" value="11"/>
      </property>
      <property name="background-style" type="uint" value="1"/>
      <property name="background-rgba" type="array">
        <value type="double" value="0.184314"/>
        <value type="double" value="0.203922"/>
        <value type="double" value="0.247059"/>
        <value type="double" value="1.000000"/>
      </property>
      <property name="disable-struts" type="bool" value="false"/>
      <property name="autohide-behavior" type="uint" value="2"/>
    </property>
  </property>
  <property name="plugins" type="empty">
    <property name="plugin-3" type="string" value="separator">
      <property name="expand" type="bool" value="true"/>
      <property name="style" type="uint" value="0"/>
    </property>
    <property name="plugin-6" type="string" value="systray">
      <property name="show-frame" type="bool" value="false"/>
      <property name="square-icons" type="bool" value="true"/>
      <property name="names-ordered" type="array">
        <value type="string" value="smplayer"/>
        <value type="string" value="javaembeddedframe"/>
        <value type="string" value="flameshot"/>
        <value type="string" value="transmission"/>
        <value type="string" value="telegramdesktop"/>
        <value type="string" value="miniaplicativo gerenciador de redes"/>
      </property>
    </property>
    <property name="plugin-8" type="string" value="pulseaudio">
      <property name="enable-keyboard-shortcuts" type="bool" value="true"/>
      <property name="show-notifications" type="bool" value="true"/>
      <property name="mpris-players" type="string" value="chromium.instance101138;chromium.instance1039;chromium.instance104447;chromium.instance109302;chromium.instance2021;chromium.instance24819;chromium.instance6916;chromium.instance84295;smplayer;vlc"/>
    </property>
    <property name="plugin-1" type="string" value="xfce4-clipman-plugin"/>
    <property name="plugin-2" type="string" value="launcher">
      <property name="items" type="array">
        <value type="string" value="15807925531.desktop"/>
      </property>
    </property>
    <property name="clipman" type="empty">
      <property name="tweaks" type="empty">
        <property name="never-confirm-history-clear" type="bool" value="false"/>
      </property>
    </property>
    <property name="plugin-11" type="string" value="launcher">
      <property name="items" type="array">
        <value type="string" value="15809402941.desktop"/>
      </property>
    </property>
    <property name="plugin-13" type="string" value="whiskermenu"/>
    <property name="plugin-15" type="string" value="clock">
      <property name="digital-format" type="string" value=" %H:%M:%S"/>
    </property>
    <property name="plugin-17" type="string" value="pager">
      <property name="rows" type="uint" value="2"/>
    </property>
    <property name="plugin-4" type="string" value="separator">
      <property name="style" type="uint" value="0"/>
    </property>
  </property>
</channel>
