{
    "Preferences": {
        "AddCC": false,
        "AutoScan": false,
        "DiskFreeCheck": true,
        "DiskFreeLimit": 10000.0,
        "EncodeLogLocation": false,
        "ExportDirectory": "",
        "HideAdvancedVideoSettings": true,
        "LogLongevity": "week",
        "LoggingLevel": "1",
        "MinTitleDuration": 10,
        "PreferredLanguage": "und",
        "RemoveFinishedJobs": false,
        "SrtDir": "",
        "SyncTitleSettings": true,
        "UseM4v": false,
        "VideoQualityGranularity": "1",
        "WhenComplete": "quit",
        "allow_tweaks": false,
        "auto_name": true,
        "auto_name_template": "{source}",
        "check_updates": "weekly",
        "default_source": "",
        "destination_dir": "",
        "hbfd": false,
        "hbfd_feature": false,
        "last_update_check": 0,
        "live_duration": 15,
        "presets_window_height": 600,
        "presets_window_width": 300,
        "preview_count": 10,
        "preview_show_crop": false,
        "preview_x": 370,
        "preview_y": 269,
        "reduce_hd_preview": true,
        "show_presets": true,
        "update_skip_version": 0,
        "use_dvdnav": true,
        "version": "0.1",
        "window_height": 1010,
        "window_width": 1900
    }
}
